seller_city,freight_value
bofete,126.49666666666667
caieiras,124.76
londrina,101.7
sao paluo,79.33444444444444
jaci,62.118571428571435
